frame,zone,width_mm,slot_len_mm,dy
1,3,7.293,56.1,0.0
23,1,5.197,55.8,3
25,1,5.11,57.5,2
27,1,4.963,60.5,5
27,2,5.312,56.0,5
27,3,6.695,56.5,5
29,1,4.938,61.4,2
29,2,5.28,57.0,2
29,3,6.495,59.0,2
31,1,4.851,63.2,4
31,2,5.176,59.0,4
31,3,6.343,61.5,4
33,1,4.849,63.8,3
33,2,4.967,62.2,3
33,3,6.174,64.2,3
35,1,4.943,63.1,3
35,2,4.931,64.0,3
35,3,6.046,66.5,3
37,1,5.004,63.2,4
37,2,4.817,66.8,4
37,3,5.817,68.9,4
39,1,5.026,62.8,4
39,2,4.815,66.4,4
39,3,5.851,69.0,4
41,1,4.981,62.5,4
41,2,4.664,68.5,4
41,3,6.184,65.9,4
43,1,4.85,62.8,4
43,2,4.606,68.1,4
43,3,6.111,66.0,4
45,1,4.812,63.0,4
45,2,4.434,69.0,4
45,3,6.072,65.8,4
47,1,4.754,63.0,3
47,2,4.353,68.8,3
47,3,5.9,66.0,3
49,1,4.575,64.5,4
49,2,4.196,70.0,4
49,3,5.722,66.5,4
51,1,4.628,62.8,3
51,2,4.095,69.6,3
51,3,5.572,66.8,3
53,2,3.858,71.5,4
53,3,5.454,66.9,4
55,2,3.893,69.6,3
55,3,5.508,66.1,3
57,2,3.975,68.2,4
57,3,5.514,65.8,4
59,2,4.156,66.1,2
59,3,5.651,65.0,2
61,2,4.78,58.2,3
67,2,4.445,61.9,4
69,2,4.037,67.2,3
71,1,5.066,57.6,4
71,2,3.724,71.0,4
71,3,5.307,65.5,4
73,1,4.63,63.0,3
73,2,3.859,69.0,3
73,3,5.165,66.5,3
75,1,4.765,62.8,3
75,2,3.848,71.0,3
75,3,4.97,67.2,3
77,1,4.864,62.5,3
77,2,4.008,69.2,3
77,3,5.061,67.1,3
79,1,4.961,62.5,2
79,2,4.083,68.9,2
79,3,5.123,67.0,2
81,1,5.09,62.4,2
81,2,4.168,69.0,2
81,3,5.208,67.2,2
83,1,5.156,62.2,3
83,2,4.304,68.5,3
83,3,5.335,67.0,3
85,1,5.331,61.1,4
85,2,4.387,68.8,4
85,3,5.356,67.5,4
87,1,5.274,61.4,3
87,2,4.472,68.8,3
87,3,5.423,67.0,3
89,1,5.342,60.2,5
89,2,4.51,68.8,5
89,3,5.381,67.0,5
91,1,5.267,60.2,3
91,2,4.516,68.4,3
91,3,5.337,67.0,3
93,1,5.236,61.1,4
93,2,4.476,68.8,4
93,3,5.317,67.2,4
95,1,5.201,61.0,3
95,2,4.539,67.5,3
95,3,5.293,67.8,3
97,1,5.055,63.8,4
97,2,4.461,70.5,4
97,3,5.365,66.5,4
99,1,5.26,60.4,5
99,2,4.51,68.8,5
99,3,5.501,67.0,5
101,1,5.471,57.0,5
101,2,4.634,66.2,5
101,3,5.452,67.5,5
103,1,5.444,55.6,5
103,2,4.786,62.8,5
103,3,5.465,66.2,5
105,2,4.895,60.8,4
105,3,5.584,64.0,4
107,2,5.112,57.2,4
107,3,5.8,60.5,4
109,3,6.218,56.8,4
137,1,5.52,55.0,2
139,1,5.566,56.0,2
141,1,5.51,58.9,4
143,1,5.576,59.0,1
145,1,5.354,62.9,4
145,2,5.31,55.0,4
145,3,5.385,63.2,4
147,1,5.265,65.0,3
147,2,5.315,55.1,3
147,3,5.262,65.4,3
149,1,5.212,65.2,4
149,2,5.331,55.5,4
149,3,5.338,65.6,4
151,1,5.445,62.8,4
151,3,5.367,65.8,4
153,1,5.325,65.0,3
153,2,5.449,55.9,3
153,3,5.362,66.0,3
155,1,5.325,64.1,5
155,2,5.342,56.2,5
155,3,5.361,65.2,5
157,1,5.571,60.5,4
157,2,5.309,56.0,4
157,3,5.4,66.0,4
159,1,5.668,58.4,4
159,2,5.2,56.0,4
159,3,5.27,67.5,4
161,1,5.79,56.5,3
161,2,5.214,55.5,3
161,3,5.333,66.0,3
163,1,5.799,55.5,3
163,2,5.182,55.0,3
163,3,5.478,63.2,3
165,3,5.662,60.5,3
167,3,5.777,58.8,3
169,3,6.122,55.2,3
201,1,6.269,55.8,4
203,1,6.327,55.8,3
205,1,6.146,58.4,3
205,3,5.794,57.0,3
207,1,6.466,56.0,3
207,2,5.076,55.8,3
207,3,5.648,59.0,3
209,1,6.273,58.2,2
209,2,5.155,55.5,2
209,3,5.537,61.2,2
211,1,6.09,60.8,3
211,2,5.298,55.0,3
211,3,5.37,63.8,3
213,1,6.395,58.2,4
213,2,5.166,57.8,4
213,3,5.375,64.2,4
215,1,6.338,58.1,4
215,2,5.461,55.2,4
215,3,5.528,62.8,4
217,1,5.845,62.0,4
217,3,5.622,62.1,4
219,1,5.723,63.0,3
219,3,5.699,61.2,3
221,1,5.708,62.5,3
221,3,5.658,61.5,3
223,1,5.606,63.0,3
223,3,5.362,63.8,3
225,1,5.489,63.6,4
225,2,4.946,55.5,4
225,3,5.285,63.5,4
227,1,5.365,64.0,4
227,2,4.419,60.8,4
227,3,5.053,64.6,4
229,1,5.471,63.2,3
229,3,4.88,65.8,3
231,1,6.044,58.0,3
231,3,4.894,64.5,3
233,1,6.063,58.2,2
233,3,5.366,59.5,2
247,2,3.78,62.6,3
249,1,5.395,63.4,3
249,2,3.581,65.8,3
249,3,5.345,57.9,3
251,1,5.605,63.0,4
251,2,3.719,65.2,4
251,3,4.905,62.2,4
253,1,5.707,62.8,3
253,2,3.757,65.5,3
253,3,4.893,63.6,3
255,1,5.851,62.8,4
255,2,3.786,66.2,4
255,3,5.001,63.5,4
257,1,5.9,62.9,3
257,2,4.008,63.2,3
257,3,5.23,61.8,3
259,1,5.912,62.9,3
259,2,4.262,60.1,3
259,3,5.286,62.1,3
261,1,5.882,62.8,3
261,3,5.328,62.1,3
263,1,5.788,63.1,4
263,2,4.803,55.2,4
263,3,5.318,62.5,4
265,1,5.799,62.8,4
265,2,4.714,56.4,4
265,3,5.305,62.1,4
267,1,5.783,63.0,3
267,2,4.664,57.1,3
267,3,5.328,62.2,3
269,1,5.763,62.8,3
269,2,4.199,62.8,3
269,3,5.297,62.5,3
271,1,5.802,62.8,4
271,2,4.154,63.8,4
271,3,5.304,62.5,4
273,1,5.646,65.8,3
273,2,4.228,62.6,3
273,3,5.295,62.8,3
275,1,5.854,63.0,5
275,2,4.233,61.8,5
275,3,5.393,62.8,5
277,1,5.756,63.2,3
277,2,4.048,64.2,3
277,3,5.356,62.6,3
279,1,6.113,58.9,5
279,2,4.234,60.8,5
279,3,5.253,62.9,5
281,1,6.311,57.0,4
281,2,4.518,56.8,4
281,3,5.221,62.9,4
283,3,5.214,62.0,4
313,1,6.447,60.1,4
315,1,6.356,62.0,2
317,1,6.279,64.0,4
317,2,5.306,57.2,4
317,3,5.786,59.0,4
319,1,6.324,64.0,4
319,2,5.113,61.2,4
319,3,5.516,62.6,4
321,1,6.387,63.5,4
321,2,4.906,64.8,4
321,3,5.501,63.8,4
323,1,6.373,64.0,3
323,2,4.949,65.2,3
323,3,5.485,64.4,3
325,1,6.532,62.2,3
325,2,4.973,65.5,3
325,3,5.49,63.8,3
327,1,6.461,63.2,2
327,2,4.907,67.6,2
327,3,5.53,63.2,2
329,1,6.404,64.8,3
329,2,5.683,58.0,3
329,3,5.378,65.0,3
331,1,6.325,65.1,3
331,2,4.821,67.9,3
331,3,5.366,65.0,3
333,1,6.484,63.6,3
333,2,4.997,65.0,3
333,3,5.277,67.2,3
335,1,6.725,61.1,4
335,2,5.136,62.5,4
335,3,5.419,65.0,4
337,1,6.885,59.1,1
337,2,5.276,60.5,1
337,3,5.323,65.6,1
339,1,7.235,56.0,3
339,2,5.428,58.1,3
339,3,5.46,63.5,3
341,2,5.572,55.5,3
341,3,5.58,61.8,3
343,3,5.869,58.5,3
373,1,7.937,58.2,2
375,1,7.844,60.4,2
377,1,7.565,63.8,3
379,1,7.328,66.2,2
379,3,6.179,58.5,2
381,1,7.231,68.2,2
381,2,6.66,56.8,2
381,3,5.993,60.2,2
383,1,7.159,69.4,3
383,2,6.699,57.9,3
383,3,5.865,62.5,3
385,1,6.966,71.5,3
385,2,6.468,60.2,3
385,3,5.717,64.9,3
387,1,6.929,72.5,3
387,2,6.394,61.5,3
387,3,5.548,67.2,3
389,1,7.003,71.4,5
389,2,6.275,64.0,5
389,3,5.456,68.6,5
391,1,7.007,72.2,3
391,2,6.154,65.2,3
391,3,5.65,66.2,3
393,1,6.966,71.8,5
393,2,6.162,65.2,5
393,3,5.697,65.8,5
395,1,6.96,71.5,2
395,2,6.119,65.2,2
395,3,5.623,67.0,2
397,1,6.85,71.5,5
397,2,6.027,65.2,5
397,3,5.626,66.2,5
399,1,6.771,71.8,3
399,2,5.946,65.0,3
399,3,5.528,66.9,3
401,1,6.679,71.9,4
401,2,5.788,66.2,4
401,3,5.397,67.2,4
403,1,7.364,66.8,4
403,2,5.807,65.2,4
403,3,5.374,66.8,4
405,1,7.032,70.8,3
405,2,5.917,63.1,3
405,3,5.304,66.6,3
407,1,7.282,68.6,3
407,2,6.19,60.8,3
407,3,5.296,66.2,3
409,1,7.344,68.1,3
409,2,6.516,58.2,3
409,3,5.499,63.9,3
411,1,7.364,67.9,4
413,1,7.324,68.1,3
415,1,7.339,68.0,3
417,1,7.32,67.8,2
419,1,7.021,69.0,3
421,1,6.63,71.8,2
423,1,6.632,72.5,3
423,2,6.033,64.0,3
425,1,6.81,71.5,4
425,2,5.951,66.0,4
425,3,5.746,61.2,4
427,1,6.817,72.0,2
427,2,6.227,64.0,2
427,3,5.108,68.2,2
429,1,6.952,71.9,4
429,2,6.487,62.0,4
429,3,5.213,68.0,4
431,1,6.989,71.5,2
431,2,6.36,63.9,2
431,3,5.341,67.8,2
433,1,6.95,72.0,4
433,2,6.633,62.0,4
433,3,5.475,67.5,4
435,1,6.974,71.8,3
435,2,6.812,61.0,3
435,3,5.476,67.8,3
437,1,6.975,71.9,4
437,2,6.804,61.8,4
437,3,5.527,67.8,4
439,1,7.761,58.5,25
439,2,6.641,61.9,25
439,3,6.403,55.0,25
441,1,7.306,60.9,5
441,2,6.926,58.6,5
443,1,6.966,63.5,4
443,2,6.755,59.2,4
445,1,7.167,60.5,3
445,2,6.774,58.2,3
447,1,7.217,59.9,3
447,2,6.831,56.8,3
449,1,7.397,58.0,3
449,2,6.496,59.4,3
451,1,7.632,56.0,3
451,2,6.564,58.1,3
451,3,6.075,55.2,3
453,2,6.664,55.8,5
485,1,5.927,58.0,3
487,1,5.801,59.5,4
487,2,6.64,56.5,4
487,3,5.5,55.4,4
489,1,6.08,57.8,3
489,2,6.709,57.5,3
489,3,5.281,58.4,3
491,1,6.042,58.5,4
491,2,6.707,59.0,4
491,3,5.23,59.5,4
493,1,5.924,60.2,3
493,2,6.517,61.8,3
493,3,5.012,62.2,3
495,1,6.084,59.8,4
495,2,6.503,64.2,4
495,3,5.078,62.2,4
497,1,5.945,61.5,3
497,2,6.27,66.8,3
497,3,5.17,61.2,3
499,1,5.984,59.8,4
499,2,6.059,69.2,4
499,3,5.19,60.8,4
501,1,5.737,60.1,4
501,2,5.945,70.2,4
501,3,5.225,61.0,4
503,1,5.55,60.4,4
503,2,5.837,70.2,4
503,3,5.208,61.0,4
505,1,5.404,61.0,2
505,2,5.74,70.5,2
505,3,5.283,59.2,2
507,1,5.192,62.1,5
507,2,5.668,70.2,5
507,3,5.071,60.5,5
509,1,5.345,59.8,3
509,2,5.632,70.0,3
509,3,4.977,61.5,3
511,2,5.505,70.5,5
511,3,4.897,60.2,5
513,1,5.122,59.2,2
513,2,5.391,70.5,2
513,3,4.959,59.8,2
515,1,5.251,56.1,4
515,2,5.337,70.9,4
517,1,4.799,60.5,3
517,2,5.355,70.5,3
519,2,5.352,70.4,2
521,2,5.505,69.2,4
523,2,5.524,69.5,2
525,2,5.732,68.5,5
527,1,4.379,60.8,2
527,2,6.102,64.2,2
529,1,4.004,63.5,4
529,2,5.664,68.8,4
531,1,3.797,66.2,2
531,2,5.538,69.9,2
533,1,3.911,64.6,4
533,2,5.569,70.5,4
535,1,4.002,63.4,3
535,2,5.625,70.5,3
535,3,4.057,62.4,3
537,1,3.835,66.5,3
537,2,5.673,70.8,3
537,3,4.138,62.4,3
539,1,3.919,66.0,3
539,2,5.821,70.8,3
539,3,4.179,61.6,3
541,1,3.919,66.2,2
541,2,5.928,70.5,2
541,3,4.274,61.4,2
543,1,4.012,64.2,4
543,2,6.065,70.8,4
543,3,4.42,60.5,4
545,1,3.912,65.8,2
545,2,6.216,70.6,2
545,3,4.405,61.6,2
547,1,3.827,66.8,5
547,2,6.429,69.8,5
547,3,4.366,61.6,5
549,1,3.876,65.8,3
549,2,6.465,69.8,3
549,3,4.434,60.5,3
551,1,3.785,66.8,4
551,2,6.417,69.8,4
551,3,4.438,61.0,4
553,1,3.791,66.5,3
553,2,6.397,70.4,3
553,3,4.408,61.0,3
555,1,3.851,65.2,3
555,2,6.342,70.9,3
555,3,4.383,61.0,3
557,1,3.816,67.0,5
557,2,6.38,70.9,5
557,3,4.365,61.0,5
559,1,3.783,67.5,4
559,2,6.403,70.8,4
559,3,4.429,61.2,4
561,1,3.855,65.0,5
561,2,6.557,68.4,5
561,3,4.373,62.9,5
563,1,3.997,62.4,3
563,2,6.702,66.8,3
563,3,4.441,61.2,3
565,1,4.132,59.1,5
565,2,6.984,63.0,5
565,3,4.467,60.0,5
567,1,4.281,57.2,3
567,2,7.156,61.0,3
567,3,4.713,56.1,3
569,2,7.631,56.6,5
571,2,7.732,55.0,4
599,2,7.279,55.2,3
601,1,4.414,62.8,4
601,2,7.234,56.2,4
601,3,5.347,56.0,4
603,1,4.456,62.5,3
603,2,7.349,56.2,3
603,3,5.13,58.5,3
605,1,4.576,61.5,4
605,2,7.207,58.2,4
605,3,4.919,61.2,4
607,1,4.712,59.8,3
607,2,6.969,60.8,3
607,3,4.983,61.2,3
609,1,4.806,58.8,4
609,2,6.977,61.2,4
609,3,5.001,61.5,4
611,1,4.856,58.0,4
611,2,6.531,66.8,4
611,3,4.956,61.6,4
613,1,4.817,58.8,3
613,2,6.84,64.2,3
613,3,4.982,61.2,3
615,1,4.647,61.5,5
615,2,6.573,66.2,5
615,3,4.97,61.4,5
617,1,4.651,61.5,3
617,2,6.478,66.5,3
617,3,4.786,64.5,3
619,1,4.649,60.5,5
619,2,6.634,63.8,5
619,3,4.896,63.2,5
621,1,4.717,59.2,2
621,2,6.735,62.2,2
621,3,4.881,63.2,2
623,2,6.969,59.8,5
623,3,5.124,59.0,5
625,2,7.156,57.8,3
625,3,5.076,58.8,3
627,2,7.165,56.5,4
627,3,5.309,56.0,4
661,1,5.471,55.5,3
663,1,5.304,58.5,4
663,2,6.619,56.5,4
663,3,5.846,56.2,4
665,1,5.116,61.4,3
665,2,6.542,58.0,3
665,3,5.794,58.0,3
667,1,5.291,59.9,3
667,2,6.409,60.2,3
667,3,5.666,60.0,3
669,1,5.376,59.6,3
669,2,6.279,62.0,3
669,3,5.568,62.0,3
671,1,5.167,61.8,4
671,2,6.123,65.5,4
671,3,5.362,65.1,4
673,1,5.547,58.0,3
673,2,6.198,65.8,3
673,3,5.321,66.1,3
675,1,5.203,61.9,4
675,2,6.48,62.8,4
675,3,5.596,63.0,4
677,1,5.353,59.9,4
677,2,6.156,65.1,4
677,3,5.574,63.6,4
679,1,5.169,62.0,3
679,2,6.304,62.4,3
679,3,5.443,64.5,3
681,1,5.329,59.5,5
681,2,5.931,64.4,5
681,3,5.438,63.6,5
683,1,5.092,62.0,3
683,2,5.663,66.0,3
683,3,5.317,64.5,3
685,1,5.559,56.5,4
685,2,5.454,66.2,4
685,3,5.249,64.8,4
687,1,5.587,56.5,4
687,2,5.337,66.2,4
687,3,5.259,63.6,4
689,1,5.56,57.0,4
689,2,5.268,66.2,4
689,3,5.331,62.2,4
691,2,5.369,64.6,4
691,3,5.188,63.2,4
693,3,5.271,62.6,2
703,2,5.062,61.2,3
705,2,4.336,69.2,4
707,1,5.256,63.2,3
707,2,4.514,66.4,3
709,1,5.431,63.0,4
709,2,4.615,66.0,4
711,1,5.573,62.6,4
711,2,4.686,65.8,4
711,3,5.294,65.0,4
713,1,5.795,61.6,4
713,2,4.737,66.0,4
713,3,5.348,65.2,4
715,1,5.87,61.4,3
715,3,5.642,63.5,3
717,1,5.891,61.1,3
717,2,5.383,59.2,3
717,3,5.773,62.9,3
719,1,5.9,60.8,4
719,2,5.704,57.0,4
719,3,5.817,63.0,4
721,1,5.943,60.8,3
721,2,5.221,62.6,3
721,3,5.698,64.1,3
723,1,5.879,61.5,4
723,2,5.612,58.2,4
723,3,5.576,65.8,4
725,1,5.867,61.5,4
725,2,5.493,59.0,4
725,3,5.843,62.6,4
727,1,5.857,61.8,3
727,2,5.62,57.5,3
727,3,5.76,63.5,3
729,1,5.802,61.8,3
729,2,5.416,59.4,3
729,3,5.805,62.9,3
731,1,5.838,61.8,4
731,2,5.051,64.0,4
731,3,5.684,64.2,4
733,1,5.758,63.8,4
733,2,5.095,63.5,4
733,3,5.551,66.1,4
735,1,5.834,62.2,5
735,2,5.0,64.2,5
735,3,5.64,66.8,5
737,1,5.985,60.1,5
737,2,4.935,64.4,5
737,3,5.573,66.5,5
739,1,6.339,56.6,4
739,3,5.662,65.0,4
741,2,5.342,58.0,5
741,3,5.723,62.8,5
743,2,5.487,55.8,3
743,3,5.876,60.5,3
745,3,6.392,55.5,5
779,2,5.814,55.8,5
781,2,5.658,58.2,3
783,2,5.352,63.0,5
783,3,6.105,58.2,5
785,2,5.969,57.0,3
785,3,5.732,62.0,3
787,2,5.755,60.1,4
789,2,6.058,57.2,4
789,3,6.119,58.4,4
791,2,5.957,57.5,3
791,3,6.132,58.5,3
793,2,5.531,60.9,4
793,3,6.157,58.8,4
795,2,5.771,57.2,3
795,3,5.808,62.8,3
797,2,5.76,56.5,4
797,3,5.744,62.8,4
799,2,5.607,57.5,3
799,3,5.761,62.0,3
801,2,5.734,55.4,4
801,3,5.992,58.5,4
803,3,6.106,56.5,4
839,3,6.044,55.5,3
841,2,6.361,55.0,2
841,3,6.04,56.6,2
843,2,6.389,55.5,3
843,3,5.791,60.0,3
845,2,6.122,58.9,3
845,3,5.634,62.2,3
847,2,6.322,58.9,3
847,3,5.609,63.2,3
849,2,6.287,60.4,5
849,3,5.599,63.5,5
851,2,5.703,66.4,4
851,3,5.607,63.5,4
853,2,6.416,58.5,3
853,3,5.622,63.8,3
855,2,6.305,58.8,3
855,3,5.556,64.0,3
857,2,5.366,68.2,3
857,3,5.505,64.2,3
859,2,6.163,58.5,4
859,3,5.398,64.0,4
861,2,6.111,58.2,2
861,3,5.407,63.2,2
863,2,5.066,68.5,4
863,3,5.31,62.8,4
865,2,5.003,68.2,3
865,3,5.561,59.5,3
867,2,5.0,68.2,3
867,3,5.784,57.2,3
869,2,5.75,59.0,3
871,2,6.142,55.2,3
881,2,4.949,68.8,4
883,2,5.292,64.5,3
885,2,5.012,69.2,3
885,3,4.919,62.8,3
887,2,5.061,69.2,2
887,3,4.767,63.9,2
889,2,5.122,69.5,2
889,3,4.828,64.0,2
891,2,5.214,69.2,3
891,3,4.975,62.8,3
893,2,5.329,68.9,2
893,3,5.134,61.6,2
895,2,5.487,69.2,5
895,3,5.311,60.5,5
897,2,5.599,69.0,3
897,3,5.31,60.5,3
899,2,5.712,69.5,4
899,3,5.452,59.0,4
901,2,5.731,69.5,3
901,3,5.52,57.9,3
903,2,5.805,69.2,3
903,3,5.527,58.0,3
905,2,5.766,69.0,4
907,2,5.868,69.8,3
907,3,5.494,58.9,3
909,2,5.857,68.8,7
909,3,5.236,61.2,7
911,2,6.078,65.2,4
911,3,5.1,63.0,4
913,2,6.495,60.1,6
913,3,5.098,63.6,6
915,2,6.619,58.4,2
915,3,5.135,62.2,2
917,2,6.736,56.5,4
917,3,5.333,59.0,4
919,2,6.731,55.5,4
